,Tipo,Título,Año,Género,Id_API,IdOwner
0,Movie,Nobat e Asheghi,1995,Drama,54935,tt0100267
1,Movie,¡Que vivan los crotos!,1995,Drama,54937,tt0102739
2,Movie,Paraíso Perdido,1995,Drama,54938,tt0105096
3,Movie,Running Wild,1995,Drama,54939,tt0105298
4,Movie,Las cosas del querer 2ª parte,1995,Drama,54941,tt0106616
5,Movie,Halbe Welt,1995,Drama,54942,tt0107070
6,Movie,Prima Donnas,1995,Comedy,54976,tt0102952
7,Movie,Coolie No. 1,1995,Comedy,54977,tt0101616
8,Movie,Night Visions,1995,Comedy,54978,tt0102532
9,Movie,Witch Academy,1995,Comedy,54980,tt0108576
10,Movie,Mécaniques célestes,1995,Comedy,54982,tt0107537
11,Movie,Magkasangga 2000,1995,Action,55015,tt0105881
12,Movie,Automatic,1995,Action,55016,tt0109178
13,Movie,Abducted II: The Reunion,1995,Action,55021,tt0109033
14,Movie,The Dangerous,1995,Action,55022,tt0109536
15,Movie,Charlie's Ghost Story,1995,Fantasy,55056,tt0109400
16,Movie,Esti Kornél csodálatos utazása,1995,Fantasy,55057,tt0109746
17,Movie,Gladiator Cop,1995,Fantasy,55059,tt0109905
18,Movie,Keita! L'héritage du griot,1995,Fantasy,55060,tt0110252
19,Movie,The Phoenix and the Magic Carpet,1995,Fantasy,55062,tt0110826
20,Movie,Tall Tale,1995,Fantasy,55063,tt0111359
21,Movie,Temptress,1995,Horror,55095,tt0109546
22,Movie,Children of the Corn III: Urban Harvest,1995,Horror,55098,tt0109415
23,Movie,Embrace of the Vampire,1995,Horror,55099,tt0109723
24,Movie,Témoin muet,1995,Horror,55100,tt0110604
25,Movie,The Upstairs Neighbour,1995,Horror,55101,tt0111574
26,Movie,Toughguy,1995,Horror,55102,tt0111464
27,Movie,Sorceress,1995,Horror,55103,tt0111244
28,Movie,Á köldum klaka,1995,Mystery,55136,tt0109028
29,Movie,Dolores Claiborne,1995,Mystery,55138,tt0109642
30,Movie,Jupiter's Wife,1995,Mystery,55140,tt0110217
31,Movie,Mad Dogs and Englishmen,1995,Mystery,55141,tt0111151
32,Movie,Die Knickerbocker-Bande: Das sprechende Grab,1995,Mystery,55143,tt0111269
33,Movie,Seeking the Cafe Bob,1995,Romance,55177,tt0109363
34,Movie,Costa Brava,1995,Romance,55179,tt0109489
35,Movie,Les ennemis de la mafia,1995,Thriller,55214,tt0095102
36,Movie,Above Suspicion,1995,Thriller,55216,tt0109034
37,Movie,Dangerous Indiscretion,1995,Thriller,55222,tt0109532
38,Movie,In the Shadow of the Sandcastle,1996,Drama,55254,tt0099840
39,Movie,Almost Blue,1996,Drama,55256,tt0103655
40,Movie,Augustitango,1996,Drama,55257,tt0106322
41,Movie,Cries of Silence,1996,Drama,55258,tt0106621
42,Movie,Burakku jakku,1996,Drama,55259,tt0106421
43,Movie,God's Lonely Man,1996,Drama,55260,tt0107025
44,Movie,Belyy prazdnik,1996,Drama,55261,tt0109239
45,Movie,Highway of Heartache,1996,Comedy,55294,tt0110028
46,Movie,Ladri di cinema,1996,Comedy,55296,tt0110294
47,Movie,Pterodactyl Woman from Beverly Hills,1996,Comedy,55297,tt0110910
48,Movie,Mo him wong,1996,Comedy,55298,tt0110463
49,Movie,The Wedding Tape,1996,Comedy,55299,tt0111678
50,Movie,La serva amorosa,1996,Comedy,55300,tt0111129
51,Movie,Blondes Have More Guns,1996,Comedy,55301,tt0112526
52,Movie,The Darien Gap,1996,Comedy,55302,tt0112803
53,Movie,Ein fast perfekter Seitensprung,1996,Comedy,55303,tt0113035
54,Movie,Eliksir,1996,Fantasy,55367,tt0112946
55,Movie,Eno nakano bokuno mura,1996,Fantasy,55368,tt0112923
56,Movie,Drzewa,1996,Horror,55406,tt0112908
57,Movie,Night Hunter,1996,Horror,55407,tt0113981
58,Movie,Sobrenatural,1996,Horror,55408,tt0114485
59,Movie,Sucesos distantes,1996,Mystery,55444,tt0111305
60,Movie,"Carlos Monzón, el segundo juicio",1996,Mystery,55445,tt0112632
61,Movie,Letters from the East,1996,Mystery,55449,tt0113643
62,Movie,Labirintos,1996,Mystery,55450,tt0113591
63,Movie,Loch Ness,1996,Mystery,55451,tt0113682
64,Movie,Power 98,1996,Mystery,55452,tt0114170
65,Movie,Los vuelcos del corazón,1996,Romance,55486,tt0111645
66,Movie,It's My Party,1996,Romance,55487,tt0113443
67,Movie,Hollow Reed,1996,Romance,55488,tt0113314
68,Movie,Cilantro y perejil,1996,Romance,55491,tt0112675
69,Movie,Fast Money,1996,Romance,55492,tt0113033
70,Movie,Le journal du séducteur,1996,Romance,55493,tt0113489
71,Movie,Foreign Bodies,1996,Thriller,55528,tt0109827
72,Movie,The Cold Light of Day,1996,Thriller,55529,tt0110125
73,Movie,Lifebreath,1997,Drama,55564,tt0102267
74,Movie,Strawberry Fields,1997,Drama,55566,tt0108233
75,Movie,Annie's Garden,1997,Drama,55567,tt0109136
76,Movie,Lethal Seduction,1997,Drama,55568,tt0110331
77,Movie,This Is the Sea,1997,Drama,55570,tt0111416
78,Movie,Alien Visitor,1997,Drama,55571,tt0112974
79,Movie,Visidela,1997,Drama,55573,tt0111632
80,Movie,Taranthriller,1997,Comedy,55604,tt0108294
81,Movie,Day at the Beach,1997,Comedy,55608,tt0112810
82,Movie,Kabel und Liebe,1997,Comedy,55609,tt0113513
83,Movie,Gettin' Up,1997,Comedy,55610,tt0113162
84,Movie,Lewis & Clark & George,1997,Comedy,55611,tt0113646
85,Movie,Farmer & Chase,1997,Comedy,55613,tt0113031
86,Movie,Captured Alive,1997,Action,55646,tt0112629
87,Movie,Agnichakra,1997,Action,55647,tt0112308
88,Movie,Firestorm,1997,Action,55649,tt0113067
89,Movie,Il tocco - La sfida,1997,Action,55650,tt0115447
90,Movie,Behind Enemy Lines,1997,Action,55652,tt0115647
91,Movie,Champions,1997,Action,55653,tt0115864
92,Movie,Les deux orphelines vampires,1997,Fantasy,55685,tt0112856
93,Movie,Magic in the Mirror: Fowl Play,1997,Fantasy,55688,tt0116960
94,Movie,Black Scorpion II: Aftershock,1997,Fantasy,55689,tt0115696
95,Movie,A Ostra e o Vento,1997,Fantasy,55691,tt0117264
96,Movie,An American Werewolf in Paris,1997,Fantasy,55693,tt0118604
97,Movie,Dead Innocent,1997,Horror,55729,tt0116048
98,Movie,Campfire Tales,1997,Horror,55731,tt0115813
99,Movie,Asylum,1997,Horror,55732,tt0115584
100,Movie,Illicit Dreams 2,1997,Mystery,55766,tt0116611
101,Movie,Midnight Blue,1997,Mystery,55767,tt0117041
102,Movie,Lost Highway,1997,Mystery,55770,tt0116922
103,Movie,The Big Empty,1997,Mystery,55772,tt0118713
104,Movie,Convict 762,1997,Mystery,55773,tt0118886
105,Movie,Der Unfisch,1997,Romance,55807,tt0114502
106,Movie,Changing Habits,1997,Romance,55808,tt0115865
107,Movie,Always Say Goodbye,1997,Romance,55809,tt0115524
108,Movie,Loose Women,1997,Romance,55810,tt0116914
109,Movie,En brazos de la mujer madura,1997,Romance,55811,tt0116193
110,Movie,Last Chance Love,1997,Romance,55812,tt0116826
111,Movie,Hufters & Hofdames,1997,Romance,55813,tt0116577
112,Movie,Driftwood,1997,Thriller,55848,tt0112904
113,Movie,Shackles,1998,Drama,55884,tt0108098
114,Movie,Luces de la noche,1998,Drama,55885,tt0110404
115,Movie,La dame du jeu,1998,Drama,55887,tt0112784
116,Movie,Tian yu,1998,Drama,55888,tt0115005
117,Movie,The Brylcreem Boys,1998,Drama,55889,tt0115770
118,Movie,Enemy,1998,Drama,55891,tt0116202
119,Movie,Jaded,1998,Drama,55892,tt0116675
120,Movie,Die kaukasische Nacht,1998,Drama,55893,tt0116753
121,Movie,Ku jia tian xia,1998,Comedy,55924,tt0095469
122,Movie,Drei Herren,1998,Comedy,55925,tt0112901
123,Movie,Dead Man on Campus,1998,Comedy,55929,tt0118301
124,Movie,Aprile,1998,Comedy,55930,tt0118635
125,Movie,Clay Pigeons,1998,Comedy,55931,tt0118863
126,Movie,Bulworth,1998,Comedy,55932,tt0118798
127,Movie,Dieu seul me voit,1998,Comedy,55933,tt0118978
128,Movie,Amaneció de golpe,1998,Action,55964,tt0112340
129,Movie,Kabhi Na Kabhi,1998,Action,55967,tt0116737
130,Movie,Desperate Measures,1998,Action,55968,tt0118966
131,Movie,A Brooklyn State of Mind,1998,Action,55969,tt0118782
132,Movie,Airboss II: Preemptive Strike,1998,Action,55970,tt0118569
133,Movie,Deep Rising,1998,Action,55971,tt0118956
134,Movie,Code of Ethics,1998,Action,55972,tt0118869
135,Movie,Six-String Samurai,1998,Action,55973,tt0118736
136,Movie,Lurid Tales: The Castle Queen,1998,Fantasy,56005,tt0116943
137,Movie,Vino iz oduvanchikov,1998,Fantasy,56006,tt0115412
138,Movie,Jungle Boy,1998,Fantasy,56007,tt0116727
139,Movie,Animals with the Tollkeeper,1998,Fantasy,56010,tt0118621
140,Movie,Dark City,1998,Fantasy,56012,tt0118929
141,Movie,Dr. Dolittle,1998,Fantasy,56013,tt0118998
142,Movie,Decampitated,1998,Horror,56046,tt0118951
143,Movie,Shadow Builder,1998,Horror,56048,tt0117611
144,Movie,Gut Pile,1998,Horror,56050,tt0119240
145,Movie,Phantom of the Opera,1998,Horror,56051,tt0119889
146,Movie,Phantoms,1998,Horror,56053,tt0119891
147,Movie,The Gingerbread Man,1998,Mystery,56085,tt0119196
148,Movie,Fallen,1998,Mystery,56087,tt0119099
149,Movie,Where's Marlowe?,1998,Mystery,56088,tt0118150
150,Movie,Goodbye Lover,1998,Mystery,56089,tt0119219
151,Movie,Johnny Skidmarks,1998,Mystery,56090,tt0119416
152,Movie,Letters from a Killer,1998,Mystery,56091,tt0119522
153,Movie,Twilight,1998,Mystery,56092,tt0119594
154,Movie,Long Time Since,1998,Mystery,56093,tt0119559
155,Movie,Dead Letter Office,1998,Romance,56130,tt0118939
156,Movie,Ceux qui m'aiment prendront le train,1998,Romance,56132,tt0118834
157,Movie,Frauen lügen nicht,1998,Romance,56133,tt0119149
158,Movie,Seeds of Doubt,1998,Thriller,56166,tt0117593
159,Movie,Boogie Boy,1998,Thriller,56169,tt0118748
160,Movie,Hush,1998,Thriller,56171,tt0118744
161,Movie,Black Thunder,1998,Thriller,56172,tt0118732
162,Movie,Alissa,1998,Thriller,56173,tt0118584
163,Movie,Sangharsh,1999,Drama,56205,tt0111068
164,Movie,Malevolence,1999,Drama,56207,tt0113747
165,Movie,Two-Eleven,1999,Drama,56208,tt0114758
166,Movie,Die Wand,1999,Drama,56209,tt0114890
167,Movie,Ghost Taxi,1999,Drama,56210,tt0116408
168,Movie,Jimmy Zip,1999,Drama,56211,tt0116703
169,Movie,The Big Brass Ring,1999,Drama,56212,tt0115675
170,Movie,18 Shades of Dust,1999,Drama,56213,tt0119028
171,Movie,Making Waves,1999,Comedy,56244,tt0110445
172,Movie,My Teacher's Wife,1999,Comedy,56245,tt0112444
173,Movie,Do You Wanna Dance?,1999,Comedy,56247,tt0118994
174,Movie,Baby Geniuses,1999,Comedy,56248,tt0118665
175,Movie,Naisen logiikka,1999,Comedy,56249,tt0117148
176,Movie,Predators from Beyond Neptune,1999,Comedy,56252,tt0119936
177,Movie,As Bodas de Deus,1999,Comedy,56253,tt0119413
178,Movie,Full Blast,1999,Action,56287,tt0119163
179,Movie,Armageddon Boulevard,1999,Action,56288,tt0118853
180,Movie,Payback,1999,Action,56290,tt0120784
181,Movie,Velocity Trap,1999,Action,56291,tt0120435
182,Movie,Virus,1999,Action,56292,tt0120458
183,Movie,Star Wars: Episode I - The Phantom Menace,1999,Action,56293,tt0120915
184,Movie,Babel,1999,Fantasy,56325,tt0118664
185,Movie,Nachtvlinder,1999,Fantasy,56326,tt0119751
186,Movie,Toy Story 2,1999,Fantasy,56328,tt0120363
187,Movie,Fantasia 2000,1999,Fantasy,56329,tt0120910
188,Movie,Being John Malkovich,1999,Fantasy,56331,tt0120601
189,Movie,Beowulf,1999,Fantasy,56332,tt0120604
190,Movie,The Mummy,1999,Fantasy,56333,tt0120616
191,Movie,Hellblock 13,1999,Horror,56366,tt0119277
192,Movie,Townies,1999,Horror,56367,tt0120361
193,Movie,The Coroner,1999,Horror,56369,tt0121152
194,Movie,When Justice Fails,1999,Mystery,56405,tt0120500
195,Movie,Brokedown Palace,1999,Mystery,56406,tt0120620
196,Movie,Foreign Correspondents,1999,Mystery,56407,tt0123078
197,Movie,Eyes Wide Shut,1999,Mystery,56408,tt0120663
198,Movie,Eye of the Beholder,1999,Mystery,56409,tt0120662
199,Movie,The Green Mile,1999,Mystery,56410,tt0120689
200,Movie,...Quando Troveja,1999,Mystery,56411,tt0120798
201,Movie,Snow Falling on Cedars,1999,Mystery,56412,tt0120834
202,Movie,eXistenZ,1999,Mystery,56413,tt0120907
203,Movie,Onegin,1999,Romance,56448,tt0119079
204,Movie,My Girlfriend's Boyfriend,1999,Romance,56451,tt0119740
205,Movie,An Ideal Husband,1999,Romance,56453,tt0122541
206,Movie,"Shame, Shame, Shame",1999,Thriller,56486,tt0117617
207,Movie,Morella,1999,Thriller,56487,tt0119705
208,Movie,Godmoney,1999,Thriller,56489,tt0119208
209,Movie,Night of the Coyote,1999,Thriller,56490,tt0119786
210,Movie,Dementia,1999,Thriller,56492,tt0120416
0,Movie,Istota,2000,Drama,56524,tt0102362
1,Movie,For the Cause,2000,Drama,56526,tt0113092
2,Movie,Florentino y el diablo,2000,Drama,56527,tt0113086
3,Movie,Karobaar: The Business of Love,2000,Drama,56528,tt0116748
4,Movie,Gang,2000,Drama,56530,tt0116391
5,Movie,Consequence,2000,Drama,56531,tt0115937
6,Movie,Fa yeung nin wah,2000,Drama,56532,tt0118694
7,Movie,Love 101,2000,Comedy,56567,tt0119495
8,Movie,Nothing Sacred,2000,Comedy,56568,tt0119806
9,Movie,State and Main,2000,Comedy,56569,tt0120202
10,Movie,Bruno,2000,Comedy,56570,tt0123003
11,Movie,Sånger från andra våningen,2000,Comedy,56571,tt0120263
12,Movie,The Elf Who Didn't Believe,2000,Comedy,56572,tt0123055
13,Movie,Chicken Run,2000,Comedy,56573,tt0120630
14,Movie,The Incorporated,2000,Action,56608,tt0116628
15,Movie,Heavy Metal 2000,2000,Action,56609,tt0119273
16,Movie,Mission: Impossible II,2000,Action,56610,tt0120755
17,Movie,Titan A.E.,2000,Action,56611,tt0120913
18,Movie,Foiled,2000,Action,56612,tt0120673
19,Movie,X-Men,2000,Action,56613,tt0120903
20,Movie,Keizer Kuzco,2000,Fantasy,56646,tt0120917
21,Movie,Dinosaur,2000,Fantasy,56647,tt0130623
22,Movie,The Crow: Salvation,2000,Fantasy,56648,tt0132910
23,Movie,The Adventures of Rocky & Bullwinkle,2000,Fantasy,56649,tt0131704
24,Movie,The Road to El Dorado,2000,Fantasy,56650,tt0138749
25,Movie,Highlander: Endgame,2000,Fantasy,56651,tt0144964
26,Movie,Red Lipstick,2000,Fantasy,56652,tt0144574
27,Movie,The Legend of Bagger Vance,2000,Fantasy,56653,tt0146984
28,Movie,Deadfall,2000,Horror,56684,tt0128158
29,Movie,Scream 3,2000,Horror,56685,tt0134084
30,Movie,Supernova,2000,Horror,56686,tt0134983
31,Movie,The Chronicles of Riddick: Pitch Black,2000,Horror,56687,tt0134847
32,Movie,Mothman,2000,Horror,56689,tt0137115
33,Movie,American Psycho,2000,Horror,56690,tt0144084
34,Movie,Eyes to Heaven,2000,Horror,56691,tt0148120
35,Movie,Ricky 6,2000,Horror,56692,tt0156020
36,Movie,The Million Dollar Hotel,2000,Mystery,56724,tt0120753
37,Movie,Waking the Dead,2000,Mystery,56725,tt0127349
38,Movie,Luckytown,2000,Mystery,56729,tt0160495
39,Movie,Passion of Mind,2000,Mystery,56730,tt0160644
40,Movie,Four Dogs Playing Poker,2000,Mystery,56731,tt0160289
41,Movie,What Lies Beneath,2000,Mystery,56732,tt0161081
42,Movie,Trixie,2000,Mystery,56733,tt0162711
43,Movie,The Fantasticks,2000,Romance,56765,tt0113026
44,Movie,Passionnément,2000,Romance,56769,tt0119866
45,Movie,Return to Me,2000,Romance,56772,tt0122459
46,Movie,Pushing the Envelope,2000,Thriller,56808,tt0119966
47,Movie,Vulgar,2000,Thriller,56809,tt0120467
48,Movie,Lured Innocence,2000,Thriller,56810,tt0122161
49,Movie,Shikari,2000,Thriller,56811,tt0120117
50,Movie,The Highwayman,2000,Thriller,56813,tt0120698
51,Movie,November 1828,2001,Drama,56844,tt0079644
52,Movie,Albela,2001,Drama,56846,tt0118578
53,Movie,Don's Plum,2001,Drama,56847,tt0119004
54,Movie,Glitter,2001,Drama,56848,tt0118589
55,Movie,Camarate,2001,Drama,56849,tt0120624
56,Movie,"Berlin Diaries, 1940-45",2001,Drama,56850,tt0120605
57,Movie,Ricochet River,2001,Drama,56851,tt0120807
58,Movie,The Lord of the Rings: The Fellowship of the Ring,2001,Drama,56853,tt0120737
59,Movie,Kate & Leopold,2001,Comedy,56884,tt0035423
60,Movie,El día de los albañiles 2,2001,Comedy,56885,tt0089067
61,Movie,Horror in the Attic,2001,Comedy,56889,tt0118652
62,Movie,Burning Down the House,2001,Comedy,56890,tt0123581
63,Movie,Sticks,2001,Comedy,56891,tt0124889
64,Movie,Heartbreakers,2001,Comedy,56892,tt0125022
65,Movie,Shrek,2001,Comedy,56893,tt0126029
66,Movie,The Silent Force,2001,Action,56925,tt0114447
67,Movie,Blazin',2001,Action,56927,tt0128165
68,Movie,Driven,2001,Action,56928,tt0132245
69,Movie,Planet of the Apes,2001,Action,56929,tt0133152
70,Movie,The Ghost,2001,Action,56931,tt0141120
71,Movie,Lara Croft: Tomb Raider,2001,Action,56932,tt0146316
72,Movie,Camouflage,2001,Action,56933,tt0150021
73,Movie,The Sorcerer's Apprentice,2001,Fantasy,56965,tt0120166
74,Movie,Lightmaker,2001,Fantasy,56968,tt0133063
75,Movie,Little Shop of Erotica,2001,Fantasy,56970,tt0148415
76,Movie,Vidocq,2001,Fantasy,56972,tt0164961
77,Movie,Monkeybone,2001,Fantasy,56973,tt0166276
78,Movie,From Hell,2001,Horror,57005,tt0120681
79,Movie,Victoria's Shadow,2001,Horror,57006,tt0153533
80,Movie,Unseen Evil,2001,Horror,57007,tt0162030
81,Movie,Bones,2001,Horror,57009,tt0166110
82,Movie,Generation Ax,2001,Horror,57011,tt0171339
83,Movie,Enigma,2001,Mystery,57046,tt0157583
84,Movie,Impostor,2001,Mystery,57047,tt0160399
85,Movie,Dark Water,2001,Mystery,57048,tt0163596
86,Movie,Mulholland Drive,2001,Mystery,57050,tt0166924
87,Movie,The Confidence Man,2001,Mystery,57051,tt0179735
88,Movie,The Caveman's Valentine,2001,Mystery,57053,tt0182000
89,Movie,Deep Blue,2001,Romance,57087,tt0124359
90,Movie,Town & Country,2001,Romance,57090,tt0141907
91,Movie,Long Lost Love,2001,Romance,57093,tt0160480
92,Movie,3 noches,2001,Thriller,57124,tt0114722
93,Movie,Eyes Are Upon You,2001,Thriller,57128,tt0126899
94,Movie,Training Day,2001,Thriller,57130,tt0139654
95,Movie,Crime and Punishment,2002,Drama,57164,tt0096056
96,Movie,The Dancer Upstairs,2002,Drama,57165,tt0118926
97,Movie,Random Shooting in L.A.,2002,Drama,57166,tt0119980
98,Movie,Frida,2002,Drama,57167,tt0120679
99,Movie,Shivam,2002,Drama,57168,tt0130255
100,Movie,The Good War,2002,Drama,57169,tt0149253
101,Movie,The Bacchae,2002,Drama,57172,tt0154187
102,Movie,Men in Black II,2002,Comedy,57204,tt0120912
103,Movie,Trance,2002,Comedy,57205,tt0120870
104,Movie,Flophouse,2002,Comedy,57206,tt0128216
105,Movie,Book of Love: The Definitive Reason Why Men Are Dogs,2002,Comedy,57209,tt0156376
106,Movie,Clockstoppers,2002,Comedy,57210,tt0157472
107,Movie,Spooky House,2002,Comedy,57211,tt0160905
108,Movie,Easter,2002,Comedy,57213,tt0160240
109,Movie,Star Wars: Episode II - Attack of the Clones,2002,Action,57244,tt0121765
110,Movie,Resident Evil,2002,Action,57246,tt0120804
111,Movie,Spider-Man,2002,Action,57251,tt0145487
112,Movie,Last Fair Deal,2002,Action,57252,tt0151299
113,Movie,Piratenplaneet,2002,Fantasy,57286,tt0133240
114,Movie,The Princess and the Pea,2002,Fantasy,57287,tt0146063
115,Movie,Interstate 60: Episodes of the Road,2002,Fantasy,57288,tt0165832
116,Movie,The Lord of the Rings: The Two Towers,2002,Fantasy,57289,tt0167261
117,Movie,La balsa de piedra,2002,Fantasy,57290,tt0175203
118,Movie,Legend of the Phantom Rider,2002,Fantasy,57293,tt0210223
119,Movie,Blade II,2002,Horror,57327,tt0187738
120,Movie,Survival Island,2002,Horror,57328,tt0201844
121,Movie,Halloween: Resurrection,2002,Horror,57332,tt0220506
122,Movie,Daybreak,2002,Mystery,57365,tt0128154
123,Movie,Minority Report,2002,Mystery,57367,tt0181689
124,Movie,Dead Man's Dream,2002,Mystery,57368,tt0184387
125,Movie,New Best Friend,2002,Mystery,57369,tt0191074
126,Movie,Last Seen,2002,Mystery,57370,tt0220607
127,Movie,The Salton Sea,2002,Mystery,57371,tt0235737
128,Movie,Florida City,2002,Mystery,57372,tt0241453
129,Movie,Tangoed Lives,2002,Romance,57405,tt0139479
130,Movie,Duty Dating,2002,Romance,57408,tt0160239
131,Movie,Pipe Dream,2002,Romance,57409,tt0164810
132,Movie,Desert Saints,2002,Romance,57410,tt0167116
133,Movie,Moonlight Mile,2002,Romance,57412,tt0179098
134,Movie,Crossing the Rubicon,2002,Romance,57413,tt0181430
135,Movie,D-Tox,2002,Thriller,57451,tt0160184
136,Movie,The Sum of All Fears,2002,Thriller,57452,tt0164184
137,Movie,City of Ghosts,2002,Thriller,57453,tt0164003
138,Movie,A Mulher Polícia,2003,Drama,57484,tt0119727
139,Movie,American Reel,2003,Drama,57485,tt0140806
140,Movie,One Last Dance,2003,Drama,57486,tt0157191
141,Movie,Cold Mountain,2003,Drama,57487,tt0159365
142,Movie,The Lord of the Rings: The Return of the King,2003,Drama,57488,tt0167260
143,Movie,Baggage,2003,Drama,57489,tt0169579
144,Movie,The Fighting Temptations,2003,Drama,57492,tt0191133
145,Movie,Jersey Guy,2003,Drama,57493,tt0191211
146,Movie,Remembering Mario,2003,Comedy,57524,tt0117461
147,Movie,Between the Sheets,2003,Comedy,57525,tt0120607
148,Movie,Dominator,2003,Comedy,57526,tt0135991
149,Movie,Intolerable Cruelty,2003,Comedy,57527,tt0138524
150,Movie,Nobody Knows Anything!,2003,Comedy,57528,tt0142634
151,Movie,St. Andrew's Girls,2003,Comedy,57529,tt0156100
152,Movie,Sinbad: Legend of the Seven Seas,2003,Comedy,57530,tt0165982
153,Movie,Bad Boys II,2003,Comedy,57531,tt0172156
154,Movie,Terminator 3: Rise of the Machines,2003,Action,57567,tt0181852
155,Movie,A Good Night to Die,2003,Action,57569,tt0203536
156,Movie,Den hemlige riddaren II: Återkomsten,2003,Action,57571,tt0218326
157,Movie,Road Dogs,2003,Action,57573,tt0232537
158,Movie,Silver Man,2003,Fantasy,57607,tt0217802
159,Movie,Pumuckl und sein Zirkusabenteuer,2003,Fantasy,57609,tt0237622
160,Movie,Bulletproof Monk,2003,Fantasy,57611,tt0245803
161,Movie,The Devil and Daniel Webster,2003,Fantasy,57613,tt0263265
162,Movie,Beyond Re-Animator,2003,Horror,57646,tt0222812
163,Movie,The Invitation,2003,Horror,57648,tt0248110
164,Movie,House of 1000 Corpses,2003,Horror,57650,tt0251736
165,Movie,Subterano,2003,Horror,57651,tt0255623
166,Movie,Dorian,2003,Horror,57652,tt0258534
167,Movie,In the Cut,2003,Mystery,57685,tt0199626
168,Movie,The Accidental Detective,2003,Mystery,57688,tt0244379
169,Movie,La collezione invisibile,2003,Mystery,57691,tt0262156
170,Movie,Basic,2003,Mystery,57692,tt0264395
171,Movie,Vera,2003,Mystery,57693,tt0274193
172,Movie,Osmose,2003,Romance,57729,tt0195119
173,Movie,Venus on the Halfshell,2003,Romance,57730,tt0214275
174,Movie,Finding Home,2003,Romance,57732,tt0228301
175,Movie,The Sleeping Dictionary,2003,Romance,57733,tt0242888
176,Movie,Silent Screamplay,2003,Thriller,57764,tt0160870
177,Movie,Sister Blue,2003,Thriller,57768,tt0201934
178,Movie,Terror in the Darkness,2003,Thriller,57771,tt0215244
179,Movie,How It All Went Down,2003,Thriller,57773,tt0243652
180,Movie,En tres y dos,2004,Drama,57804,tt0092960
181,Movie,"Goodnight, Joseph Parker",2004,Drama,57806,tt0146803
182,Movie,Bluebird,2004,Drama,57807,tt0159290
183,Movie,El Maya,2004,Drama,57808,tt0168064
184,Movie,Il resto di niente,2004,Drama,57809,tt0170508
185,Movie,Greener,2004,Drama,57810,tt0186785
186,Movie,Olga,2004,Drama,57811,tt0196811
187,Movie,Sin's Kitchen,2004,Drama,57812,tt0203912
188,Movie,Tricks,2004,Drama,57813,tt0211070
189,Movie,West from North Goes South,2004,Comedy,57844,tt0108549
190,Movie,Serial Killer,2004,Comedy,57845,tt0122247
191,Movie,Thunderbirds,2004,Comedy,57846,tt0167456
192,Movie,A Night at Sophie's,2004,Comedy,57847,tt0169084
193,Movie,Kebab Connection,2004,Comedy,57848,tt0177882
194,Movie,Meri Biwi Ka Jawab Nahin,2004,Comedy,57849,tt0187279
195,Movie,29 and Holding,2004,Comedy,57851,tt0198013
196,Movie,B Movie,2004,Comedy,57853,tt0220322
197,Movie,Split,2004,Action,57885,tt0131597
198,Movie,Hellboy,2004,Action,57887,tt0167190
199,Movie,Vampire Lesbian Kickboxers,2004,Action,57891,tt0235853
200,Movie,Anji,2004,Action,57892,tt0239235
201,Movie,Warrior Sisters,2004,Fantasy,57925,tt0205513
202,Movie,Raspberry & Lavender,2004,Fantasy,57927,tt0222790
203,Movie,Berserker,2004,Fantasy,57929,tt0264410
204,Movie,Off the Pages,2004,Fantasy,57931,tt0286857
205,Movie,Mothers Little Murderer,2004,Fantasy,57932,tt0293708
206,Movie,Shrek 2,2004,Fantasy,57933,tt0298148
207,Movie,Frost,2004,Horror,57965,tt0202360
208,Movie,Exorcist: The Beginning,2004,Horror,57966,tt0204313
209,Movie,Habitaciones para turistas,2004,Horror,57969,tt0286669
210,Movie,Straight Into Darkness,2004,Horror,57971,tt0287733
211,Movie,Killer Weekend,2004,Mystery,58009,tt0287795
212,Movie,Suske en Wiske: De duistere diamant,2004,Mystery,58010,tt0289933
213,Movie,Fascination,2004,Mystery,58012,tt0305632
214,Movie,Harry Potter en de gevangene van Azkaban,2004,Mystery,58013,tt0304141
215,Movie,Beacon Hill,2004,Romance,58049,tt0206771
216,Movie,2046,2004,Romance,58050,tt0212712
217,Movie,Roomies,2004,Romance,58052,tt0224025
218,Movie,True Vinyl,2004,Romance,58053,tt0229792
219,Movie,Life Sentence,2004,Thriller,58090,tt0218400
220,Movie,Till Proven Innocent,2004,Thriller,58091,tt0235219
221,Movie,The 24th Day,2004,Thriller,58093,tt0246404
0,Movie,What Is It?,2005,Drama,58124,tt0118141
1,Movie,Corpse Bride,2005,Drama,58125,tt0121164
2,Movie,Shooting Vegetarians,2005,Drama,58127,tt0146272
3,Movie,The Prodigy,2005,Drama,58128,tt0160706
4,Movie,Eve's Preyer,2005,Drama,58130,tt0187838
5,Movie,Berlin Nights,2005,Drama,58131,tt0195551
6,Movie,Thousands of Miles,2005,Drama,58132,tt0196155
7,Movie,Death-Defying Acts,2005,Drama,58133,tt0195565
8,Movie,The Naked Monster,2005,Comedy,58164,tt0088751
9,Movie,Three,2005,Comedy,58167,tt0159790
10,Movie,Angels with Angles,2005,Comedy,58169,tt0179803
11,Movie,Bob the Butler,2005,Comedy,58170,tt0216584
12,Movie,Bad Girls from Valley High,2005,Comedy,58171,tt0216746
13,Movie,Lucky 13,2005,Comedy,58172,tt0222167
14,Movie,Slipdream,2005,Comedy,58173,tt0226851
15,Movie,Star Wars: Episode III - Revenge of the Sith,2005,Action,58204,tt0121766
16,Movie,Fantastic Four,2005,Action,58205,tt0120667
17,Movie,Striptease Baby Dolls from Cleveland Meet the Unkillables,2005,Action,58208,tt0228906
18,Movie,Wilson Chance,2005,Action,58209,tt0244306
19,Movie,Man-Thing,2005,Action,58211,tt0290747
20,Movie,The Sea Wolf,2005,Action,58212,tt0295590
21,Movie,Dark Assassin,2005,Action,58213,tt0301265
22,Movie,Last Mountain,2005,Fantasy,58249,tt0234084
23,Movie,Mee-Shee: The Water Giant,2005,Fantasy,58250,tt0243462
24,Movie,The Curse of the Were-Rabbit,2005,Fantasy,58251,tt0312004
25,Movie,Lung do kei yuen,2005,Fantasy,58252,tt0327660
26,Movie,Cursed,2005,Horror,58288,tt0257516
27,Movie,2001 Maniacs,2005,Horror,58289,tt0264323
28,Movie,Frankenstein & the Werewolf Reborn!,2005,Horror,58290,tt0267506
29,Movie,From Venus,2005,Horror,58291,tt0274509
30,Movie,Jackpot,2005,Mystery,58324,tt0153517
31,Movie,Firecracker,2005,Mystery,58325,tt0204322
32,Movie,The Krone Experiment,2005,Mystery,58326,tt0220605
33,Movie,Love Thy Neighbor,2005,Mystery,58327,tt0304356
34,Movie,Los suicidas,2005,Mystery,58329,tt0324107
35,Movie,Harry Potter en de vuurbeker,2005,Mystery,58330,tt0330373
36,Movie,Keep Your Distance,2005,Mystery,58332,tt0337656
37,Movie,The PianoTuner of EarthQuakes,2005,Mystery,58333,tt0342882
38,Movie,Alchemy,2005,Romance,58369,tt0285682
39,Movie,Aspects of Love,2005,Romance,58370,tt0287927
40,Movie,Rent,2005,Romance,58372,tt0294870
41,Movie,Going Shopping,2005,Romance,58373,tt0295605
42,Movie,False River,2005,Thriller,58405,tt0160261
43,Movie,Ripley Under Ground,2005,Thriller,58408,tt0219171
44,Movie,Cl.One,2005,Thriller,58409,tt0227189
45,Movie,Imposture,2005,Thriller,58411,tt0261759
46,Movie,Master i Margarita,2006,Drama,58444,tt0110476
47,Movie,Seven Days of Grace,2006,Drama,58446,tt0136517
48,Movie,Viúva Rica Solteira Não Fica,2006,Drama,58448,tt0166871
49,Movie,Children of Men,2006,Drama,58451,tt0206634
50,Movie,False Prophets,2006,Drama,58453,tt0260042
51,Movie,Live Freaky Die Freaky,2006,Comedy,58486,tt0197633
52,Movie,Death of a Saleswoman,2006,Comedy,58487,tt0204250
53,Movie,Funny Money,2006,Comedy,58489,tt0244521
54,Movie,How to Go Out on a Date in Queens,2006,Comedy,58490,tt0270417
55,Movie,Mothers and Daughters,2006,Comedy,58491,tt0275258
56,Movie,Ozzie,2006,Comedy,58492,tt0280000
57,Movie,Obsluhoval jsem anglického krále,2006,Comedy,58493,tt0284363
58,Movie,Mission: Impossible III,2006,Action,58527,tt0317919
59,Movie,The Drop,2006,Action,58528,tt0340084
60,Movie,Detroit,2006,Action,58529,tt0337609
61,Movie,Meteoro,2006,Action,58530,tt0339382
62,Movie,Superman Returns,2006,Action,58532,tt0348150
63,Movie,Whispers from a Shallow Grave,2006,Fantasy,58566,tt0144280
64,Movie,Happily N'Ever After,2006,Fantasy,58567,tt0308353
65,Movie,Arthur en de Minimoys,2006,Fantasy,58570,tt0344854
66,Movie,The Science of Sleep,2006,Fantasy,58571,tt0354899
67,Movie,Love Hollywood Style,2006,Fantasy,58572,tt0361852
68,Movie,Sea of Dreams,2006,Fantasy,58573,tt0367567
69,Movie,Beyond the Wall of Sleep,2006,Horror,58605,tt0279688
70,Movie,Under Surveillance,2006,Horror,58606,tt0287072
71,Movie,Through the Looking Glass,2006,Horror,58607,tt0320626
72,Movie,The Creature of the Sunny Side Up Trailer Park,2006,Horror,58608,tt0328899
73,Movie,Satan's Playground,2006,Horror,58609,tt0331334
74,Movie,Down the Road,2006,Mystery,58648,tt0296604
75,Movie,Freedomland,2006,Mystery,58651,tt0349467
76,Movie,Day of Wrath,2006,Mystery,58652,tt0353357
77,Movie,Ne le dis à personne,2006,Mystery,58653,tt0362225
78,Movie,The Worst Day Ever,2006,Romance,58688,tt0291569
79,Movie,An Existential Affair,2006,Romance,58689,tt0302545
80,Movie,Humko Tumse Pyaar Hai,2006,Romance,58690,tt0314186
81,Movie,Loving Annabelle,2006,Romance,58691,tt0323120
82,Movie,1972,2006,Romance,58692,tt0337564
83,Movie,Der Liebeswunsch,2006,Romance,58693,tt0353667
84,Movie,.45,2006,Thriller,58727,tt0259822
85,Movie,"Arrivederci amore, ciao",2006,Thriller,58732,tt0325011
86,Movie,5ive!,2006,Thriller,58733,tt0327389
87,Movie,I Viceré,2007,Drama,58764,tt0196186
88,Movie,Hermano,2007,Drama,58766,tt0206806
89,Movie,Awake,2007,Drama,58767,tt0211933
90,Movie,Partition,2007,Drama,58768,tt0213985
91,Movie,Death and Taxis,2007,Drama,58769,tt0218140
92,Movie,Terra Sonâmbula,2007,Drama,58770,tt0242029
93,Movie,Hitler Meets Christ,2007,Drama,58771,tt0243649
94,Movie,Brooklyn Rules,2007,Drama,58772,tt0283503
95,Movie,Universal Groove,2007,Drama,58773,tt0287075
96,Movie,The Junior Defenders,2007,Comedy,58804,tt0119231
97,Movie,Tortilla Heaven,2007,Comedy,58805,tt0227671
98,Movie,The Bros.,2007,Comedy,58806,tt0275236
99,Movie,Rush Hour 3,2007,Comedy,58808,tt0293564
100,Movie,Hollywood Dot Com,2007,Comedy,58809,tt0294654
101,Movie,The Man Who Would Be Queen,2007,Comedy,58810,tt0300007
102,Movie,Marigold,2007,Comedy,58812,tt0329354
103,Movie,"So, You've Downloaded a Demon",2007,Comedy,58813,tt0348062
104,Movie,Ghost Rider,2007,Action,58844,tt0259324
105,Movie,Intergalactic Combat,2007,Action,58849,tt0330972
106,Movie,Die Hard 4.0,2007,Action,58850,tt0337978
107,Movie,The Chosen One,2007,Action,58851,tt0357545
108,Movie,D-War,2007,Action,58852,tt0372873
109,Movie,Harry Potter and the Order of the Phoenix,2007,Action,58853,tt0373889
110,Movie,Ratatouille,2007,Fantasy,58890,tt0382932
111,Movie,The Golden Compass,2007,Fantasy,58891,tt0385752
112,Movie,Meet the Robinsons,2007,Fantasy,58892,tt0396555
113,Movie,Blood and Chocolate,2007,Fantasy,58893,tt0397044
114,Movie,Each Time I Kill,2007,Horror,58926,tt0317401
115,Movie,Kottentail,2007,Horror,58929,tt0361724
116,Movie,The Devil's Muse,2007,Horror,58931,tt0372005
117,Movie,Broke Sky,2007,Mystery,58966,tt0337899
118,Movie,Captivity,2007,Mystery,58969,tt0374563
119,Movie,Rise,2007,Mystery,58970,tt0389328
120,Movie,Dreamland,2007,Mystery,58971,tt0391095
121,Movie,88 Minutes,2007,Mystery,58972,tt0411061
122,Movie,A londoni férfi,2007,Mystery,58973,tt0415127
123,Movie,Jin yu liang yuan hong lou meng,2007,Romance,59004,tt0075959
124,Movie,Romantik,2007,Romance,59006,tt0314589
125,Movie,Lucky You,2007,Romance,59008,tt0338216
126,Movie,Fighting Words,2007,Romance,59009,tt0354578
127,Movie,Susan Hero,2007,Romance,59010,tt0362209
128,Movie,Playas Ball,2007,Romance,59011,tt0368151
129,Movie,Crossing,2007,Romance,59012,tt0370433
130,Movie,Red Is the Color of,2007,Romance,59013,tt0373263
131,Movie,Mystery of the Bloody Mansion,2007,Thriller,59044,tt0198794
132,Movie,Before the Devil Knows You're Dead,2007,Thriller,59051,tt0292963
133,Movie,Still Waters Burn,2008,Drama,59084,tt0117743
134,Movie,Quality Time,2008,Drama,59085,tt0119970
135,Movie,Geliebte Clara,2008,Drama,59086,tt0177636
136,Movie,The Bank Job,2008,Drama,59087,tt0200465
137,Movie,Berlin Calling,2008,Drama,59088,tt0211946
138,Movie,Jackson,2008,Drama,59090,tt0313088
139,Movie,A Circle on the Cross,2008,Drama,59091,tt0317249
140,Movie,Brothel,2008,Drama,59092,tt0319115
141,Movie,Biriken,2008,Comedy,59124,tt0115686
142,Movie,Big River Blues,2008,Comedy,59130,tt0340020
143,Movie,Delgo,2008,Comedy,59131,tt0361500
144,Movie,Lymelife,2008,Comedy,59132,tt0363780
145,Movie,Anywhere But Home,2008,Comedy,59133,tt0369436
146,Movie,Muhomatsu no issho,2008,Action,59164,tt0036177
147,Movie,The Flyboys,2008,Action,59167,tt0357668
148,Movie,Babylon A.D.,2008,Action,59168,tt0364970
149,Movie,The Red Baron,2008,Action,59169,tt0365675
150,Movie,Indiana Jones and the Kingdom of the Crystal Skull,2008,Action,59170,tt0367882
151,Movie,Iron Man,2008,Action,59171,tt0371746
152,Movie,Journey to the Center of the Earth,2008,Action,59172,tt0373051
153,Movie,Far Cry,2008,Action,59173,tt0400426
154,Movie,In Your Dreams,2008,Fantasy,59206,tt0373028
155,Movie,Carlston za Ognjenku,2008,Fantasy,59208,tt0380249
156,Movie,De maanprinses en het geheim van het witte paard,2008,Fantasy,59209,tt0396707
157,Movie,Nim's Island,2008,Fantasy,59210,tt0410377
158,Movie,Hellboy II: The Golden Army,2008,Fantasy,59211,tt0411477
159,Movie,De Spiderwick kronieken,2008,Fantasy,59212,tt0416236
160,Movie,The Tale of Despereaux,2008,Fantasy,59213,tt0420238
161,Movie,The Horror Vault,2008,Horror,59246,tt0369424
162,Movie,The Eye,2008,Horror,59248,tt0406759
163,Movie,Beneath the Mississippi,2008,Horror,59249,tt0429658
164,Movie,Death's Door,2008,Horror,59250,tt0439536
165,Movie,Something's Wrong in Kansas,2008,Horror,59251,tt0443648
166,Movie,Autopsy,2008,Horror,59252,tt0443435
167,Movie,The X Files: I Want to Believe,2008,Horror,59253,tt0443701
168,Movie,Surveillance,2008,Mystery,59287,tt0409345
169,Movie,Quid Pro Quo,2008,Mystery,59288,tt0414426
170,Movie,Dimples,2008,Mystery,59292,tt0447927
171,Movie,Passengers,2008,Mystery,59293,tt0449487
172,Movie,Leatherheads,2008,Romance,59332,tt0379865
173,Movie,ISS Space Agency,2008,Thriller,59370,tt0399976
174,Movie,Green River,2008,Thriller,59371,tt0403085
175,Movie,Apaföld,2009,Drama,59404,tt0143558
176,Movie,Rózsaszín sajt,2009,Drama,59405,tt0153140
177,Movie,Sanam Teri Kasam,2009,Drama,59406,tt0205380
178,Movie,Twice as Dead,2009,Drama,59407,tt0254832
179,Movie,Railed,2009,Drama,59408,tt0311698
180,Movie,Coraline,2009,Drama,59409,tt0327597
181,Movie,Mitsein,2009,Drama,59410,tt0344074
182,Movie,Blood and Bone,2009,Drama,59411,tt0346631
183,Movie,Inglourious Basterds,2009,Drama,59412,tt0361748
184,Movie,The Box,2009,Drama,59413,tt0362478
185,Movie,El reino de los cielos,2009,Comedy,59446,tt0288190
186,Movie,Unter Strom,2009,Comedy,59447,tt0304876
187,Movie,Chinango,2009,Comedy,59449,tt0312958
188,Movie,Los muertos van deprisa,2009,Comedy,59451,tt0353765
189,Movie,Two-Minute Heist,2009,Comedy,59452,tt0365873
190,Movie,Astro Boy,2009,Comedy,59453,tt0375568
191,Movie,Whiteout,2009,Action,59487,tt0365929
192,Movie,Sterling: The Secret of the Lost Medallion,2009,Action,59488,tt0373340
193,Movie,Watchmen,2009,Action,59490,tt0409459
194,Movie,Harry Potter en de halfbloed prins,2009,Action,59491,tt0417741
195,Movie,Royal Kill,2009,Action,59493,tt0421237
196,Movie,The Magic Stone,2009,Fantasy,59524,tt0293354
197,Movie,Malice in Wonderland,2009,Fantasy,59527,tt0374853
198,Movie,The Lovely Bones,2009,Fantasy,59529,tt0380510
199,Movie,Max en de maximonsters,2009,Fantasy,59531,tt0386117
200,Movie,T.M.A.,2009,Horror,59564,tt0289146
201,Movie,El libro de piedra,2009,Horror,59565,tt0353665
202,Movie,Possession,2009,Horror,59566,tt0368563
203,Movie,It Came from Trafalgar,2009,Horror,59568,tt0425141
204,Movie,Cabeza de pescado,2009,Horror,59569,tt0431670
205,Movie,Daybreakers,2009,Horror,59571,tt0433362
206,Movie,Cabras,2009,Horror,59572,tt0436154
207,Movie,Town Creek,2009,Horror,59573,tt0450336
208,Movie,Moonlight Blade,2009,Mystery,59604,tt0121569
209,Movie,Cargo,2009,Mystery,59611,tt0381940
210,Movie,House of Boys,2009,Romance,59645,tt0405022
211,Movie,Youth in Revolt,2009,Romance,59646,tt0403702
212,Movie,Utolsó jelentés Annáról,2009,Romance,59647,tt0407852
213,Movie,The Perfect Sleep,2009,Romance,59649,tt0435716
214,Movie,AmerAsian,2009,Romance,59650,tt0437065
215,Movie,Why George?,2009,Romance,59651,tt0437550
216,Movie,Kisse Pyaar Karoon?,2009,Romance,59652,tt0438894
217,Movie,Yesterday Was a Lie,2009,Romance,59653,tt0448182
218,Movie,1,2009,Thriller,59693,tt0408060
